SKU;ASIN
EGC;B0H4WLDNYD
EMB-03;B0H52SC552
EMB-03P;B0H73CH37Y
EMB-05;B0H761RP63
EMB-05P;B0H77J9YF2
EMB-08;B0H77M42RM
L1618;B0H6C93M6Z
L1618-A;B0H4NRG51Q
L1618-B;B0H6KPN1XS
L1618-T;B0H3QQLFFY
L1623;B0H5N4TR7B
L1623-A;B0H6XX9VYL
L1623-B;B0H6KT72NN
L1623-T;B0H6C894TV
L2025;B0H4WPPLZB
L2025-A;B0H6XYM5GF
L2025-B;B0H6L3552G
L2025-T;B0H6C5CTSC
L2030;B0H6CCHT65
L2030-A;B0H6XW8YF8
L2030-B;B0H4RV67FF
L2030-T;B0H77661G6
L2425-A;B0H6XV8Z59
L2425-AML;B0H6N9SS25
L2425-B;B0H6KPK494
L2430-A;B0H6XM9LGJ
L2430-AML;B0H6MYJ5P3
L2430-B;B0H6KY3BZD
L2440-A;B0H538CW36
L2440-AML;B0H4RY2L65
L2440-B;B0H5M7DCH6
L2450--CZ;B0H5YQ9JMJ
L2450-A;B0H6XYVBKH
L2450-AML;B0H62YWD84
L2450-B;B0H6KLWTPC
L2460-A;B0H6QYTSNV
L2460-AML;B0H6NM3QBS
L2460-B;B0H6KTGGM8
L2460-CP;B0H4X46QCC
L2460-CZ;B0H3QHL2VB
L2470-A;B0H6QWF5NS
L2470-AML;B0H6NCDJ5C
L2470-B;B0H4W81CPN
L2470-CZ;B0H3QLGVX5
L3040-A;B0H5MJTHK2
L3040-B;B0H5MGK37B
L3050-A;B0H6R85LBZ
L3050-B;B0H6KFGC4J
L3060-A;B0H6R5SYVL
L3060-AML;B0H6NFGH2Q
L3060-B;B0H6KK21H1
L3070-A;B0H4W6B587
L3070-AML;B0H6NPM4QL
L3070-B;B0H6KN61XR
L3085-B;B0H51PF33S
L4050-A;B0H6R5XK94
L4050-B;B0H6GXK1SH
L4060-A;B0H6R1Y63F
L4060-B;B0H6H4NPN8
L4070-B;B0H6H5CBPP
L4075-B;B0H6H2BTKC
L4080-A;B0H6QYZLYM
L4080-B;B0H6GSX6YM
L4090-A;B0H6R1WBTM
L4090-B;B0H6GQB9S3
P1623;B0H4WYYG1W
P2025;B0H7L6HYFW
P2030;B0H51H5B4D
P2425;B0H7LG2168
P2430;B0H7KWNLZ4
P2440;B0H7LGF1WN
P3040;B0H7LFY3JP
P3050;B0H6365DBF
P3050ALC;B0H6C92MLT
P3060;B0H4NLBG1Y
P3060ALC;B0H5LJ939G
P3070;B0H63FKGPJ
P3070ALC;B0H735FC9N
P4050;B0H5MWNDKW
P4050ALC;B0H6GWVPP5
P4060;B0H7KTWPXB
P4060ALC;B0H6H25KJX
P4070;B0H7L3J5DK
P4070ALC;B0H6H1W988
P4070RA;B0H4NGLNQ4
P4075;B0H7KZNQ9G
P4075ALC;B0H72BV1KC
P4080;B0H63W8G49
P4080ALC;B0H72HJC34
P4090;B0H7KTX9Y2
P4090ALC;B0H72JR46M
PG2450;B0H9T7X7WD
PG2460;B0H5MDZQDG
PG2470;B0H7T71WHG
PG3060;B0H7T7K23P
PG3070;B0H4S6J82Z
PG4050;B0H7TBGPJJ
PG4080;B0H7T8WJFK
PXM;B0H4S3FHG6
PXP;B0H4S7ZKXS
Q2430-A;B0H7XXH5GV
Q2430-B;B0H4X43F5T
Q2460-A;B0H4P1FFWQ
Q2460-B;B0H7YNMBBK
Q3060-A;B0H51P391G
Q3060-B;B0H51M7C59
Q4070-A;B0H7ZGZ8DK
Q4070-B;B0H7Z38T63
SP-01;B0H5Z1XK3V
SP-FF;B0H5X821QS
SP-PP;B0H5X97DR7
SP-T;B0H3MGC36H
PQ-3060;B0H4S2WXFB
