SKU;ASIN;Grupo;Preço fixo 10%;Margem 10% SP Int.;Observação
L4080-A;B0H6QYZLYM;B — entrar;732,66;21,8;tráfego marginal, margem ok
Q4070-B;B0H7Z38T63;B — entrar;1005,12;15,2;tráfego marginal, margem ok · ⚠️ margem no piso: pedido de 3+ empilha promo de quantidade → 11.9%
L2460-AML;B0H6NM3QBS;C — opcional;261,14;19,1;"sem tráfego recente; custo só se vender; selo pode gerar 1ª visita"
P4080ALC;B0H72HJC34;C — opcional;1095,44;18,3;"sem tráfego recente; custo só se vender; selo pode gerar 1ª visita"
L2470-CZ;B0H3QLGVX5;C — opcional;320,66;22,8;"sem tráfego recente; custo só se vender; selo pode gerar 1ª visita"
L3085-B;B0H51PF33S;C — opcional;578,01;16,8;"sem tráfego recente; custo só se vender; selo pode gerar 1ª visita"
P3070ALC;B0H735FC9N;C — opcional;756,56;20,5;"sem tráfego recente; custo só se vender; selo pode gerar 1ª visita"
L3040-B;B0H5MGK37B;C — opcional;297,70;15,7;"sem tráfego recente; custo só se vender; selo pode gerar 1ª visita · ⚠️ margem no piso: pedido de 3+ empilha promo de quantidade → 12.5%"
L4060-A;B0H6R1Y63F;C — opcional;571,78;18,1;"sem tráfego recente; custo só se vender; selo pode gerar 1ª visita"
Q3060-A;B0H51P391G;C — opcional;522,46;22,4;"sem tráfego recente; custo só se vender; selo pode gerar 1ª visita"
L2450--CZ;B0H5YQ9JMJ;C — opcional;287,61;18,7;"sem tráfego recente; custo só se vender; selo pode gerar 1ª visita"
P2440;B0H7LGF1WN;C — opcional;245,79;15,0;"sem tráfego recente; custo só se vender; selo pode gerar 1ª visita · ⚠️ margem no piso: pedido de 3+ empilha promo de quantidade → 11.8%"
L2460-B;B0H6KTGGM8;C — opcional;269,37;16,5;"sem tráfego recente; custo só se vender; selo pode gerar 1ª visita"
L2460-CZ;B0H3QHL2VB;C — opcional;286,69;18,1;"sem tráfego recente; custo só se vender; selo pode gerar 1ª visita"
L2470-A;B0H6QWF5NS;C — opcional;346,99;15,7;"sem tráfego recente; custo só se vender; selo pode gerar 1ª visita · ⚠️ margem no piso: pedido de 3+ empilha promo de quantidade → 12.5%"
L3050-B;B0H6KFGC4J;C — opcional;371,98;16,2;"sem tráfego recente; custo só se vender; selo pode gerar 1ª visita"
L3070-A;B0H4W6B587;C — opcional;456,99;18,7;"sem tráfego recente; custo só se vender; selo pode gerar 1ª visita"
L3070-AML;B0H6NPM4QL;C — opcional;473,68;18,3;"sem tráfego recente; custo só se vender; selo pode gerar 1ª visita"
L4060-B;B0H6H4NPN8;C — opcional;622,66;17,4;"sem tráfego recente; custo só se vender; selo pode gerar 1ª visita"
P4050ALC;B0H6GWVPP5;C — opcional;821,20;17,4;"sem tráfego recente; custo só se vender; selo pode gerar 1ª visita"
PG4050;B0H7TBGPJJ;C — opcional;414,10;19,6;"sem tráfego recente; custo só se vender; selo pode gerar 1ª visita"
Q2460-A;B0H4P1FFWQ;C — opcional;314,49;15,7;"sem tráfego recente; custo só se vender; selo pode gerar 1ª visita · ⚠️ margem no piso: pedido de 3+ empilha promo de quantidade → 12.5%"
L4070-B;B0H6H5CBPP;C — opcional;640,92;19,0;"sem tráfego recente; custo só se vender; selo pode gerar 1ª visita"
L4080-B;B0H6GSX6YM;C — opcional;747,94;19,2;"sem tráfego recente; custo só se vender; selo pode gerar 1ª visita"
P4070;B0H7L3J5DK;C — opcional;738,85;20,1;"sem tráfego recente; custo só se vender; selo pode gerar 1ª visita"
P4070ALC;B0H6H1W988;C — opcional;923,24;18,3;"sem tráfego recente; custo só se vender; selo pode gerar 1ª visita"
PG4080;B0H7T8WJFK;C — opcional;575,60;18,8;"sem tráfego recente; custo só se vender; selo pode gerar 1ª visita"
SP-T;B0H3MGC36H;C — opcional;416,12;15,7;"anunciado normalmente na Manual Bituqueiras (sem suspensão); margem no piso (15,7%): pedido de 3+ → 12,5%. Entrar é decisão do LEO"
L2440-AML;B0H4RY2L65;C — opcional;205,23;15,8;"sem tráfego recente; custo só se vender; selo pode gerar 1ª visita · ⚠️ margem no piso: pedido de 3+ empilha promo de quantidade → 12.5%"
L2460-A;B0H6QYTSNV;C — opcional;245,30;17,3;"sem tráfego recente; custo só se vender; selo pode gerar 1ª visita"
L2470-AML;B0H6NCDJ5C;C — opcional;367,48;17,8;"sem tráfego recente; custo só se vender; selo pode gerar 1ª visita"
L3040-A;B0H5MJTHK2;C — opcional;267,22;16,6;"sem tráfego recente; custo só se vender; selo pode gerar 1ª visita"
L3050-A;B0H6R85LBZ;C — opcional;332,76;17,1;"sem tráfego recente; custo só se vender; selo pode gerar 1ª visita"
L3060-A;B0H6R5SYVL;C — opcional;357,18;16,8;"sem tráfego recente; custo só se vender; selo pode gerar 1ª visita"
L3060-AML;B0H6NFGH2Q;C — opcional;402,03;16,3;"sem tráfego recente; custo só se vender; selo pode gerar 1ª visita"
L3060-B;B0H6KK21H1;C — opcional;395,31;18,5;"sem tráfego recente; custo só se vender; selo pode gerar 1ª visita"
L4050-A;B0H6R5XK94;C — opcional;514,02;18,6;"sem tráfego recente; custo só se vender; selo pode gerar 1ª visita"
L4050-B;B0H6GXK1SH;C — opcional;585,56;17,4;"sem tráfego recente; custo só se vender; selo pode gerar 1ª visita"
P3040;B0H7LFY3JP;C — opcional;342,00;17,3;"sem tráfego recente; custo só se vender; selo pode gerar 1ª visita"
P4050;B0H5MWNDKW;C — opcional;631,57;16,7;"sem tráfego recente; custo só se vender; selo pode gerar 1ª visita"
P4060;B0H7KTWPXB;C — opcional;730,74;20,0;"sem tráfego recente; custo só se vender; selo pode gerar 1ª visita"
P4060ALC;B0H6H25KJX;C — opcional;889,44;17,3;"sem tráfego recente; custo só se vender; selo pode gerar 1ª visita"
PG3070;B0H4S6J82Z;C — opcional;406,04;17,6;"sem tráfego recente; custo só se vender; selo pode gerar 1ª visita"
SP-FF;B0H5X821QS;C — opcional;411,44;17,5;"sem tráfego recente; sem histórico de política — pode entrar"
L4075-B;B0H6H2BTKC;C — opcional;729,44;17,7;"sem tráfego recente; custo só se vender; selo pode gerar 1ª visita"
L4090-A;B0H6R1WBTM;C — opcional;740,54;21,7;"sem tráfego recente; custo só se vender; selo pode gerar 1ª visita"
L4090-B;B0H6GQB9S3;C — opcional;805,62;18,4;"sem tráfego recente; custo só se vender; selo pode gerar 1ª visita"
P4070RA;B0H4NGLNQ4;C — opcional;1161,43;16,9;"sem tráfego recente; custo só se vender; selo pode gerar 1ª visita"
P4075;B0H7KZNQ9G;C — opcional;831,27;19,1;"sem tráfego recente; custo só se vender; selo pode gerar 1ª visita"
P4075ALC;B0H72BV1KC;C — opcional;1021,90;17,6;"sem tráfego recente; custo só se vender; selo pode gerar 1ª visita"
P4090;B0H7KTX9Y2;C — opcional;1289,98;17,3;"sem tráfego recente; custo só se vender; selo pode gerar 1ª visita"
P4090ALC;B0H72JR46M;C — opcional;1375,08;16,9;"sem tráfego recente; custo só se vender; selo pode gerar 1ª visita"
