ID da alteração;Ciclo;Data da recomendação;Data da aprovação;Data da execução;Campanha;Elemento / alvo;Tipo de ação;Estado / valor anterior;Estado / valor aprovado;Motivo / diagnóstico;Fonte da decisão;Confiança;Aprovado?;Executado?;Status;Início da janela pós;Dias desde execução;Resultado pós-alteração;Veredito posterior;Reavaliar em;Observações
O6-001;O6;22/09/2026;22/09/2026;;Auto SP-PP-o59/09;campanha;PAUSAR CAMPANHA;Ativa (só close-match e complements), lance 1,32, R$ 10/dia;Pausada;"Gatilho O5-010 disparado: 0 cliques na Era 10–21/09. 30d: 29.085 impr / 14 cliques (todos em termos ""parede"", pré-09/09) / 0 venda. Vitalício 26 cliques / 0. Cobertura mantida pela Geral (SP-PP 2.370 impr / 4 cli em 30d) e pela Manual Bituqueiras.";ciclos/O6-22-09_diagnostico-chat-canonico.md + ciclos/O6-22-09_auditoria-code.md + relatorios/amazon/o6-22-09/;ALTA;SIM;NÃO;APROVADA - EXECUÇÃO PENDENTE;"=IF(E63="""","""",E63+1)";"=IF(E63="""","""",TODAY()-E63)";;;13/10/2026;Reativar só com evidência nova de demanda relevante. Não é a Geral — regra de não pausar a Geral não se aplica.
O6-002;O6;22/09/2026;22/09/2026;;Auto EGC;campanha;PAUSAR CAMPANHA;Ativa, lances fixos R$ 0,84, R$ 5/dia;Pausada;Gatilho O5-007 disparado nas duas condições: 0 vendas E CTR 0,17% (< 0,3%) na Era (10 cli / R$ 7,58). 30d: 8.534 impr / 11 cli / 0. Teste de oferta no 9.9 zerou. BR 24 sessões / 0 unidade. Problema é de página/CTR, não de entrega.;ciclos/O6-22-09_diagnostico-chat-canonico.md + ciclos/O6-22-09_auditoria-code.md + relatorios/amazon/o6-22-09/;ALTA;SIM;NÃO;APROVADA - EXECUÇÃO PENDENTE;"=IF(E64="""","""",E64+1)";"=IF(E64="""","""",TODAY()-E64)";;;13/10/2026;Lance 0,84 registrado para eventual retorno após revisão de página. EGC segue anunciado pela Geral.
O6-003;O6;22/09/2026;22/09/2026;;PI P3070-o228/07;"alvo asin-expanded=""B09YDLC69D""";PAUSAR ALVO;Ativo, lance 1,10;Pausado;"Régua formal de PI (15+ cliques vitalícios sem venda): 16 cliques / R$ 21,64 / 2.896 impr / 0 compra (export vitalício de 22/09, confirmado como ""Vitalício"" pelo LEO). 10 cliques em 30d. Primeiro alvo da conta a cruzar a régua. Só o alvo — a campanha segue.";ciclos/O6-22-09_diagnostico-chat-canonico.md + ciclos/O6-22-09_auditoria-code.md + relatorios/amazon/o6-22-09/;ALTA;SIM;NÃO;APROVADA - EXECUÇÃO PENDENTE;"=IF(E65="""","""",E65+1)";"=IF(E65="""","""",TODAY()-E65)";;;13/10/2026;Régua de PI é no nível do alvo — nunca converter em pausa de campanha.
O6-004;O6;22/09/2026;22/09/2026;22/09/2026;PI P3070-o228/07;campanha (lances asin-expanded 1,10 / asin 0,90);VIGIA — gatilho re-armado (sem mudança de lance);Congelada, gatilho O5-011 desarmado em 15/09;Ativa, lances mantidos. Gatilho O7: 0 venda atribuída na Era O6→O7 E ≥15 cliques → −20% nos asin-expanded (1,10 → 0,88);"Era: 52 cli / R$ 71,10 / 1 compra R$ 616,18 no ALVO PRÓPRIO (asin-expanded=""B0H63FKGPJ"", auto-segmentação) / ACOS 11,5%. Entrega dobrou (CTR 0,15%); ≥50 cliques em alvos de terceiros sem venda; vitalício 149 cliques sem compra. ACOS sustentado por 1 ticket — não promover a ESCALAR. Break-even do SKU ≈ 25,8%.";ciclos/O6-22-09_diagnostico-chat-canonico.md + ciclos/O6-22-09_auditoria-code.md + relatorios/amazon/o6-22-09/;MÉDIA;SIM;SIM;EXECUTADA - EM MATURAÇÃO;"=IF(E66="""","""",E66+1)";"=IF(E66="""","""",TODAY()-E66)";;;13/10/2026;Triagem de alvos (5–14 cli vit / 0): B0CYWMQ93Y 11 · B0BHMZBZW9 7 · B0BSNVT11K 5 · B0F4T8FCDD 5 · B0778TD2LY 5.
O6-005;O6;22/09/2026;22/09/2026;;Geral DBA-o59/09;segmentação loose-match (Correspondência vaga);REDUZIR LANCE;R$ 0,54;R$ 0,45 (−17%);Era (export de segmentação filtrado 10–21/09): 70 cli / R$ 45,57 = 60,3% do gasto da Geral / 1 compra R$ 132,90 / ACOS 34,3% (acima do Máximo). 30d: R$ 161,97 = 56,6% / 237 cli / 2 compras / ACOS 60,9% (acima da Emergência). Simétrico à O5-001. Orçamento R$ 90 mantido (consumo 7%).;ciclos/O6-22-09_diagnostico-chat-canonico.md + ciclos/O6-22-09_auditoria-code.md + relatorios/amazon/o6-22-09/;ALTA;SIM;NÃO;APROVADA - EXECUÇÃO PENDENTE;"=IF(E67="""","""",E67+1)";"=IF(E67="""","""",TODAY()-E67)";;;13/10/2026;"⚠️ Conferir na execução pelos cliques/custo (70 cli · R$ 45,57), NÃO pelo nome — ""vaga"" = loose-match. Mesma armadilha da O5-010."
O6-006;O6;22/09/2026;22/09/2026;22/09/2026;Geral DBA-o59/09;produto anunciado Q2460-B (B0H7YNMBBK);VIGIA — gatilho em 28/09;"Anunciado na Geral; desconto no preço 5% ativo até 27/09 (EC-012)";"Sem mudança até 27/09. Gatilho 28/09: 0 venda na semana de desconto → pausar o anúncio do Q2460-B dentro da Geral (nível produto) até revisão de página; com venda → manter e reler na O7";30d: 69 cli / R$ 45,78 / 0 venda (16% do gasto da Geral). BR 27 sessões / 0 unidade. Zero conversão crônica. Desconto roda sem preço riscado (sem preço de referência) — teste enfraquecido.;ciclos/O6-22-09_diagnostico-chat-canonico.md + ciclos/O6-22-09_auditoria-code.md + relatorios/amazon/o6-22-09/;MÉDIA;SIM;SIM;EXECUTADA - EM MATURAÇÃO;"=IF(E68="""","""",E68+1)";"=IF(E68="""","""",TODAY()-E68)";;;28/09/2026;INVESTIGAR CONVERSÃO DO SKU — fila de página. Não é pausa da Geral.
O6-007;O6;22/09/2026;22/09/2026;22/09/2026;6B Lixeiras banheiro;"O5-013 (promover ""lixeira banheiro 10 com tampa"" para manual)";CANCELAR (evidência retirada);BLOQUEADA - CONFERIR ESTADO;CANCELADA;A única evidência (venda L2030-T R$ 143,13 de 01/09) foi DEVOLVIDA — devolução aprovada 17/09 (Registro_Vendas linha 53, pedido 701-5825355-7110610). O termo volta à triagem normal.;ciclos/O6-22-09_diagnostico-chat-canonico.md + ciclos/O6-22-09_auditoria-code.md + relatorios/amazon/o6-22-09/;ALTA;SIM;SIM;EXECUTADA - AVALIADA;"=IF(E69="""","""",E69+1)";"=IF(E69="""","""",TODAY()-E69)";;;;"Atualizar a linha 48 (O5-013): Status → CANCELADA; Veredito → ""CANCELADA — venda-base devolvida 17/09""."
O6-008;O6;22/09/2026;22/09/2026;22/09/2026;6B Lixeiras banheiro;"exata ""lixeira inox para pia de cozinha"" (1,50, dinâmico)";VIGIA;Ativa, lance 1,50;Sem mudança. Gatilho O7: ≥15 cliques sem venda → reduzir −20% (1,50 → 1,20) ou pausar a keyword;"30d: 778 impr / 13 cli / R$ 22,97 / 0 venda = 63% do gasto da campanha. Hipótese: termo de intenção ""pia"" (3 L) atendido por SKUs de 7–15 L; o L1618-T não está no grupo.";ciclos/O6-22-09_diagnostico-chat-canonico.md + ciclos/O6-22-09_auditoria-code.md + relatorios/amazon/o6-22-09/;MÉDIA;SIM;SIM;EXECUTADA - EM MATURAÇÃO;"=IF(E70="""","""",E70+1)";"=IF(E70="""","""",TODAY()-E70)";;;13/10/2026;
O6-009;O6;22/09/2026;22/09/2026;22/09/2026;6B Lixeiras banheiro;O5-014 (L2025-B no grupo);MANTER (fechada sem ação);L2025-B no grupo;Sem mudança;"30d: perna L2025-B do termo ""lixeira banheiro 7 litros"" = 3 cli / R$ 5,34 / 0; sem clique novo desde a O5.";ciclos/O6-22-09_diagnostico-chat-canonico.md + ciclos/O6-22-09_auditoria-code.md + relatorios/amazon/o6-22-09/;MÉDIA;SIM;SIM;EXECUTADA - AVALIADA;"=IF(E71="""","""",E71+1)";"=IF(E71="""","""",TODAY()-E71)";;;;"Fechar a linha 49 (O5-014) com veredito ""FECHADA SEM AÇÃO""."
O6-010;O6;22/09/2026;22/09/2026;22/09/2026;6B · L3070-B (piloto dinâmico) · Extintor · Cinzeiros · Bituqueiras (controle fixo);estratégia de lances — piloto O4-014 / O5-009;MANTER (piloto +1 Era);"6B e L3070-B dinâmicas; controles fixos";Sem mudança. Encerrar o piloto na O7 se repetir zero diferença e devolver 6B e L3070-B ao fixo;"Veredito da O6: INCONCLUSIVO. Era: 6B 7 cli / R$ 13,59 / 0 venda / CPC 1,94 (vs 11 / 1 / 1,60 na Era da O5); L3070-B 0 cli (0 vs 0). Controles: Extintor 0, Cinzeiros 1, Bituqueiras 0 cli. Nenhuma evidência de que o dinâmico compra leilão que o fixo perde.";ciclos/O6-22-09_diagnostico-chat-canonico.md + ciclos/O6-22-09_auditoria-code.md + relatorios/amazon/o6-22-09/;MÉDIA;SIM;SIM;EXECUTADA - EM MATURAÇÃO;"=IF(E72="""","""",E72+1)";"=IF(E72="""","""",TODAY()-E72)";;;13/10/2026;Não migrar os controles.
O6-011;O6;22/09/2026;22/09/2026;;Prime Day 05–11/10/2026 (Melhor Oferta);PXM 10% (R$ 183,19) · PG2460 10% (R$ 223,88) · P3070 15% (R$ 523,75) · P3060 15% (R$ 434,71) · P4080 15% (R$ 909,64) · P3050 10% (R$ 420,90, opcional) · PXP 10% (R$ 151,10) — EXCEÇÃO AO PISO;CRIAR OFERTAS;Sem ofertas inscritas;Ofertas inscritas pelo LEO em 22/09;"Margens no Simulador SP Interior (piso 15%): PXM 15,0% · PG2460 16,7% · P3070 16,9% · P3060 19,4% · P4080 15,9% · P3050 17,8% · PXP 13,4% — abaixo do piso; entra como EXCEÇÃO DOCUMENTADA por decisão do LEO (22/09), com base na margem realizada de 21,2% e 25,2% nos 2 pedidos de 08/09 (frete real abaixo da Ref_Frete; n=2). Mínimo do evento 10%. 9.9: PXP, PXM e PG2460 converteram com oferta. Relâmpago vetada (EC-004).";ciclos/O6-22-09_diagnostico-chat-canonico.md + ciclos/O6-22-09_auditoria-code.md + relatorios/amazon/o6-22-09/;MÉDIA;SIM;NÃO;APROVADA - EXECUÇÃO PENDENTE;"=IF(E73="""","""",E73+1)";"=IF(E73="""","""",TODAY()-E73)";;;13/10/2026;Fora: L2450-AML, Q2460-B, L2025-T, L1618-T, EGC, L2030, L1618-B. Nenhuma empilha com desconto no preço (todos encerram 27/09). Conferir preço de referência calculado pela Amazon na tela. Marcar: a oferta do P3070 contamina a leitura de Ads da PI na Era do evento.
O6-012;O6;22/09/2026;22/09/2026;22/09/2026;Migração de ASIN / concentração;escopo;NÃO DECIDIR AINDA;—;—;"Bloqueio físico: três grafias de marca (adesivo ""Winnet Home & Pro"" · gravação ""WIN NET METAIS"" · Brand Registry ""WINNET METAIS""). Isenção de GTIN recusada em 14/09; GS1 a um documento (Faturamento Fiscal, em análise). Decisão da produção/Dianna sobre a marcação.";ciclos/O6-22-09_diagnostico-chat-canonico.md + ciclos/O6-22-09_auditoria-code.md + relatorios/amazon/o6-22-09/;ALTA;SIM;SIM;EXECUTADA - EM MATURAÇÃO;"=IF(E74="""","""",E74+1)";"=IF(E74="""","""",TODAY()-E74)";;;13/10/2026;Registrar, não analisar.
O6-013;O6;22/09/2026;22/09/2026;22/09/2026;Geral DBA-o59/09;ASIN B0BHMZBZW9 como termo/placement (Lixeira Inox com Pedal New Tramontina 30 L — R$ 199,97, 4,6★, 1.555 avaliações);VIGIA (relevante, conquista improvável);Sem exclusão;Sem mudança. Gatilho O7: ≥15 cliques em 30d sem venda → excluir o produto na Geral;13 cli / R$ 8,34 / 0 na Geral (30d) + 7 cli vit na PI P3070 = 20 na conta. Anunciados ali: P3050, P3070, Q2460-B a 1,8–3,1× o preço, sem prova social. Mesma categoria → não é irrelevância → não negativar por irrelevância. Evidência de mercado para a hipótese PREÇO/OFERTA nos pedais.;ciclos/O6-22-09_diagnostico-chat-canonico.md + ciclos/O6-22-09_auditoria-code.md + relatorios/amazon/o6-22-09/;MÉDIA;SIM;SIM;EXECUTADA - EM MATURAÇÃO;"=IF(E75="""","""",E75+1)";"=IF(E75="""","""",TODAY()-E75)";;;13/10/2026;
O6-014;O6;22/09/2026;22/09/2026;22/09/2026;Geral (orçamento R$ 90) · auto PXP-o311/08 · PI L2030-B-o311/08 · PI PXM-o311/08 · Extintor · Cinzeiros · Bituqueiras;—;MANTER;—;Sem mudança;"Geral: consumo 7% do orçamento — não é restrição. Auto PXP: Era 7 cli / 0; vit 28 cli / 4 compras (as vendas de 08/09 confirmadas na Mestra). PI L2030-B: 5 cli / 0; vit 21 / 3 compras. PI PXM: 1 compra R$ 519,03 no alvo B0H4S7ZKXS (PXP, família); CTR segue na fila de página. Extintor 0 cli / TOS IS >95% · Cinzeiros 1 cli · Bituqueiras 0 cli (métrica bruta, sem inferir teto).";ciclos/O6-22-09_diagnostico-chat-canonico.md + ciclos/O6-22-09_auditoria-code.md + relatorios/amazon/o6-22-09/;ALTA;SIM;SIM;EXECUTADA - EM MATURAÇÃO;"=IF(E76="""","""",E76+1)";"=IF(E76="""","""",TODAY()-E76)";;;13/10/2026;
