Linha;ID;SKU;P — Status;S — Resultado pós-alteração;T — Veredito posterior;U — Reavaliar em
53;EC-007;L1618-T;EXECUTADA - AVALIADA;"Semana 21–27/09 (painel TESTEDESCONTONOPRECO, Terminado): 2 un vendidas · R$ 220,40 · 41 visualizações no painel · conversão 4,9%. Total dos 10 SKUs: 7 un · R$ 1.187,20 · 166 visualizações · 4,2%. Desconto não gera tráfego (esperado); converteu em 2 de 10 SKUs.";"POSITIVO — 2 un a R$ 110,20 em 27 sessões (BR 22–27/09); única lixeira que converteu. Regra de atribuição fixada com este SKU (Ads a preço com desconto).";—
54;EC-008;L2025-T;EXECUTADA - AVALIADA;"Semana 21–27/09 (painel TESTEDESCONTONOPRECO, Terminado): 0 un · 38 visualizações. Total dos 10 SKUs: 7 un · R$ 1.187,20 · 166 visualizações · 4,2%. Desconto não gera tráfego (esperado); converteu em 2 de 10 SKUs.";"SEM EFEITO — 0 venda em 26 sessões / 38 visualizações a −5%; maior tráfego do catálogo não converteu nem com oferta (9.9) nem com desconto no preço.";—
55;EC-009;PXP;EXECUTADA - AVALIADA;"Semana 21–27/09 (painel TESTEDESCONTONOPRECO, Terminado): 0 un · 13 visualizações. Total dos 10 SKUs: 7 un · R$ 1.187,20 · 166 visualizações · 4,2%. Desconto não gera tráfego (esperado); converteu em 2 de 10 SKUs.";"SEM EFEITO — 0 venda em 7 sessões / 13 visualizações; tráfego caiu (23 → 7 sessões/sem). Segue inscrito no Prime Day a −10%.";—
56;EC-010;PXM;EXECUTADA - AVALIADA;"Semana 21–27/09 (painel TESTEDESCONTONOPRECO, Terminado): 5 un · R$ 966,80 · 10 visualizações · conversão 50%. Total dos 10 SKUs: 7 un · R$ 1.187,20 · 166 visualizações · 4,2%. Desconto não gera tráfego (esperado); converteu em 2 de 10 SKUs.";"POSITIVO — 5 un em 2 pedidos (2 + 3) a R$ 193,36; converte com qualquer desconto (9.9: 3 un a −15%; agora 5 a −5%). No pedido de 3 a promoção de quantidade empilhou (−R$ 29,00) → margem 15,6% realizada.";—
57;EC-011;Q2460-B;EXECUTADA - AVALIADA;"Semana 21–27/09 (painel TESTEDESCONTONOPRECO, Terminado): 0 un · 12 visualizações · 0%. Total dos 10 SKUs: 7 un · R$ 1.187,20 · 166 visualizações · 4,2%. Desconto não gera tráfego (esperado); converteu em 2 de 10 SKUs.";"NEGATIVO — 0 venda em 9 sessões / 12 visualizações; rodou sem preço riscado (sem preço de referência). Gatilho O6-006 disparou → pausar o anúncio do SKU na Geral (decisão do LEO).";—
58;EC-012;P4080;EXECUTADA - AVALIADA;"Semana 21–27/09 (painel TESTEDESCONTONOPRECO, Terminado): 0 un · 18 visualizações. Total dos 10 SKUs: 7 un · R$ 1.187,20 · 166 visualizações · 4,2%. Desconto não gera tráfego (esperado); converteu em 2 de 10 SKUs.";SEM EFEITO — 0 venda em 13 sessões / 18 visualizações.;—
59;EC-013;P3060;EXECUTADA - AVALIADA;"Semana 21–27/09 (painel TESTEDESCONTONOPRECO, Terminado): 0 un · 13 visualizações. Total dos 10 SKUs: 7 un · R$ 1.187,20 · 166 visualizações · 4,2%. Desconto não gera tráfego (esperado); converteu em 2 de 10 SKUs.";SEM EFEITO — 0 venda em 12 sessões / 13 visualizações.;—
60;EC-014;PG2460;EXECUTADA - AVALIADA;"Semana 21–27/09 (painel TESTEDESCONTONOPRECO, Terminado): 0 un · 8 visualizações. Total dos 10 SKUs: 7 un · R$ 1.187,20 · 166 visualizações · 4,2%. Desconto não gera tráfego (esperado); converteu em 2 de 10 SKUs.";SEM EFEITO — 0 venda em 5 sessões / 8 visualizações.;—
61;EC-015;P3050;EXECUTADA - AVALIADA;"Semana 21–27/09 (painel TESTEDESCONTONOPRECO, Terminado): 0 un · 8 visualizações. Total dos 10 SKUs: 7 un · R$ 1.187,20 · 166 visualizações · 4,2%. Desconto não gera tráfego (esperado); converteu em 2 de 10 SKUs.";SEM EFEITO — 0 venda em 5 sessões / 8 visualizações.;—
62;EC-016;L2030;EXECUTADA - AVALIADA;"Semana 21–27/09 (painel TESTEDESCONTONOPRECO, Terminado): 0 un · 5 visualizações. Total dos 10 SKUs: 7 un · R$ 1.187,20 · 166 visualizações · 4,2%. Desconto não gera tráfego (esperado); converteu em 2 de 10 SKUs.";SEM EFEITO — 0 venda em 3 sessões / 5 visualizações (opcional, tráfego marginal).;—
