Linha;Data;SKU;Origem (coluna R);STATUS (coluna S, já preenchido)
53;01/09;L2030-T;Orgânico;DEVOLUÇÃO
54;02/09;L1618-T;Orgânico;DEVOLUÇÃO
55;03/09;P3070;Orgânico;VÁLIDO
56;05/09;L1618-T;Orgânico;VÁLIDO
57;07/09;PG2460;Ads;VÁLIDO
58;08/09;PXP;Orgânico;VÁLIDO
59;08/09;PXP;Ads;VÁLIDO
60;12/09;L2470-B;Ads;VÁLIDO
61;13/09;PXM;Ads;VÁLIDO
62;13/09;L1618-B;Orgânico;DEVOLUÇÃO
63;14/09;L1618-T;Orgânico;VÁLIDO
64;15/09;P3070;Ads;VÁLIDO
65;15/09;L2025-T;Ads;VÁLIDO
66;19/09;L2025-T;Ads;VÁLIDO
67;20/09;L2025-T;Orgânico;VÁLIDO
68;22/09;PXM;Orgânico;VÁLIDO
69;23/09;EGC;Orgânico;VÁLIDO
70;24/09;L1618-T;Ads;VÁLIDO
71;24/09;PXM;Ads;VÁLIDO
72;26/09;L1618-T;Orgânico;VÁLIDO
73;28/09;L2030-B;Orgânico;VÁLIDO
74;28/09;L1623-T;Ads;VÁLIDO
75;30/09;P4080;Ads;VÁLIDO
76;30/09;P3070;Ads;VÁLIDO
