SKU;ASIN;Classe;Preço tabela;PREÇO FIXO 10%;Margem 10% SP Int.;Margem se 3+ (promo qtd);Margem se 5+;Sessões 17d;Recomendação;Observação
P4080;B0H63W8G49;Grandes;1070,17;963,15;19,3;16,3;14,3;39;A — entrar;tráfego + margem
EGC;B0H4WLDNYD;Medios;674,62;607,16;15,6;12,4;10,3;36;A — entrar;tráfego + margem · ⚠️ margem no piso: pedido de 3+ empilha promo de quantidade → 12.4%
P3050;B0H6365DBF;Medios;467,67;420,9;17,8;14,7;12,6;18;A — entrar;tráfego + margem
L2460-CP;B0H4X46QCC;Medios;335,68;302,11;16,6;13,4;11,4;9;B — entrar;tráfego marginal, margem ok
L4080-A;B0H6QYZLYM;Grandes;814,08;732,67;21,8;18,9;17,1;8;B — entrar;tráfego marginal, margem ok
Q4070-A;B0H7ZGZ8DK;Grandes;1053,17;947,85;15,6;12,4;10,3;8;B — entrar;tráfego marginal, margem ok · ⚠️ margem no piso: pedido de 3+ empilha promo de quantidade → 12.4%
L3070-B;B0H6KN61XR;Medios;543,85;489,47;18,3;15,2;13,2;7;B — entrar;tráfego marginal, margem ok
L2470-B;B0H4W81CPN;Medios;398,35;358,52;15,5;12,3;10,2;6;B — entrar;tráfego marginal, margem ok · ⚠️ margem no piso: pedido de 3+ empilha promo de quantidade → 12.3%
Q4070-B;B0H7Z38T63;Grandes;1116,81;1005,13;15,2;11,9;9,8;6;B — entrar;tráfego marginal, margem ok · ⚠️ margem no piso: pedido de 3+ empilha promo de quantidade → 11.9%
L2460-AML;B0H6NM3QBS;Medios;290,17;261,15;19,1;16,1;14,1;4;C — opcional;"sem tráfego recente; custo só se vender; selo pode gerar 1ª visita"
P4080ALC;B0H72HJC34;Grandes;1217,17;1095,45;18,3;15,3;13,2;4;C — opcional;"sem tráfego recente; custo só se vender; selo pode gerar 1ª visita"
L2470-CZ;B0H3QLGVX5;Medios;356,3;320,67;22,8;19,9;18,0;3;C — opcional;"sem tráfego recente; custo só se vender; selo pode gerar 1ª visita"
L3085-B;B0H51PF33S;Medios;642,24;578,02;16,8;13,6;11,5;3;C — opcional;"sem tráfego recente; custo só se vender; selo pode gerar 1ª visita"
P3070ALC;B0H735FC9N;Medios;840,63;756,57;20,5;17,5;15,6;3;C — opcional;"sem tráfego recente; custo só se vender; selo pode gerar 1ª visita"
L3040-B;B0H5MGK37B;Medios;330,79;297,71;15,7;12,5;10,4;2;C — opcional;"sem tráfego recente; custo só se vender; selo pode gerar 1ª visita · ⚠️ margem no piso: pedido de 3+ empilha promo de quantidade → 12.5%"
L4060-A;B0H6R1Y63F;Medios;635,32;571,79;18,1;15,0;13,0;2;C — opcional;"sem tráfego recente; custo só se vender; selo pode gerar 1ª visita"
Q3060-A;B0H51P391G;Medios;580,52;522,47;22,4;19,5;17,6;2;C — opcional;"sem tráfego recente; custo só se vender; selo pode gerar 1ª visita"
L2450--CZ;B0H5YQ9JMJ;Pequenos;319,58;287,62;18,7;15,6;13,6;1;C — opcional;"sem tráfego recente; custo só se vender; selo pode gerar 1ª visita"
P2440;B0H7LGF1WN;Pequenos;273,11;245,8;15,0;11,8;9,6;1;C — opcional;"sem tráfego recente; custo só se vender; selo pode gerar 1ª visita · ⚠️ margem no piso: pedido de 3+ empilha promo de quantidade → 11.8%"
L2460-B;B0H6KTGGM8;Medios;299,31;269,38;16,5;13,3;11,3;1;C — opcional;"sem tráfego recente; custo só se vender; selo pode gerar 1ª visita"
L2460-CZ;B0H3QHL2VB;Medios;318,56;286,7;18,1;15,0;13,0;1;C — opcional;"sem tráfego recente; custo só se vender; selo pode gerar 1ª visita"
L2470-A;B0H6QWF5NS;Medios;385,56;347,0;15,7;12,5;10,4;1;C — opcional;"sem tráfego recente; custo só se vender; selo pode gerar 1ª visita · ⚠️ margem no piso: pedido de 3+ empilha promo de quantidade → 12.5%"
L3050-B;B0H6KFGC4J;Medios;413,32;371,99;16,2;13,0;10,9;1;C — opcional;"sem tráfego recente; custo só se vender; selo pode gerar 1ª visita"
L3070-A;B0H4W6B587;Medios;507,78;457,0;18,7;15,6;13,6;1;C — opcional;"sem tráfego recente; custo só se vender; selo pode gerar 1ª visita"
L3070-AML;B0H6NPM4QL;Medios;526,32;473,69;18,3;15,2;13,2;1;C — opcional;"sem tráfego recente; custo só se vender; selo pode gerar 1ª visita"
L4060-B;B0H6H4NPN8;Medios;691,86;622,67;17,4;14,2;12,1;1;C — opcional;"sem tráfego recente; custo só se vender; selo pode gerar 1ª visita"
P4050ALC;B0H6GWVPP5;Medios;912,46;821,21;17,4;14,2;12,1;1;C — opcional;"sem tráfego recente; custo só se vender; selo pode gerar 1ª visita"
PG4050;B0H7TBGPJJ;Medios;460,12;414,11;19,6;16,6;14,6;1;C — opcional;"sem tráfego recente; custo só se vender; selo pode gerar 1ª visita"
Q2460-A;B0H4P1FFWQ;Medios;349,45;314,5;15,7;12,5;10,4;1;C — opcional;"sem tráfego recente; custo só se vender; selo pode gerar 1ª visita · ⚠️ margem no piso: pedido de 3+ empilha promo de quantidade → 12.5%"
L4070-B;B0H6H5CBPP;Grandes;712,14;640,93;19,0;16,0;14,0;1;C — opcional;"sem tráfego recente; custo só se vender; selo pode gerar 1ª visita"
L4080-B;B0H6GSX6YM;Grandes;831,06;747,95;19,2;16,2;14,2;1;C — opcional;"sem tráfego recente; custo só se vender; selo pode gerar 1ª visita"
P4070;B0H7L3J5DK;Grandes;820,96;738,86;20,1;17,1;15,2;1;C — opcional;"sem tráfego recente; custo só se vender; selo pode gerar 1ª visita"
P4070ALC;B0H6H1W988;Grandes;1025,83;923,25;18,3;15,2;13,2;1;C — opcional;"sem tráfego recente; custo só se vender; selo pode gerar 1ª visita"
PG4080;B0H7T8WJFK;Grandes;639,57;575,61;18,8;15,8;13,8;1;C — opcional;"sem tráfego recente; custo só se vender; selo pode gerar 1ª visita"
SP-T;B0H3MGC36H;Medios;462,37;416,13;15,7;12,6;10,5;1;C — opcional;"anunciado normalmente na Manual Bituqueiras (sem suspensão); margem no piso (15,7%): pedido de 3+ → 12,5%. Entrar é decisão do LEO"
L2440-AML;B0H4RY2L65;Pequenos;228,04;205,24;15,8;12,5;10,4;0;C — opcional;"sem tráfego recente; custo só se vender; selo pode gerar 1ª visita · ⚠️ margem no piso: pedido de 3+ empilha promo de quantidade → 12.5%"
L2460-A;B0H6QYTSNV;Medios;272,57;245,31;17,3;14,2;12,1;0;C — opcional;"sem tráfego recente; custo só se vender; selo pode gerar 1ª visita"
L2470-AML;B0H6NCDJ5C;Medios;408,32;367,49;17,8;14,7;12,7;0;C — opcional;"sem tráfego recente; custo só se vender; selo pode gerar 1ª visita"
L3040-A;B0H5MJTHK2;Medios;296,92;267,23;16,6;13,4;11,3;0;C — opcional;"sem tráfego recente; custo só se vender; selo pode gerar 1ª visita"
L3050-A;B0H6R85LBZ;Medios;369,74;332,77;17,1;14,0;11,9;0;C — opcional;"sem tráfego recente; custo só se vender; selo pode gerar 1ª visita"
L3060-A;B0H6R5SYVL;Medios;396,88;357,19;16,8;13,7;11,6;0;C — opcional;"sem tráfego recente; custo só se vender; selo pode gerar 1ª visita"
L3060-AML;B0H6NFGH2Q;Medios;446,71;402,04;16,3;13,1;11,0;0;C — opcional;"sem tráfego recente; custo só se vender; selo pode gerar 1ª visita"
L3060-B;B0H6KK21H1;Medios;439,24;395,32;18,5;15,4;13,4;0;C — opcional;"sem tráfego recente; custo só se vender; selo pode gerar 1ª visita"
L4050-A;B0H6R5XK94;Medios;571,15;514,03;18,6;15,5;13,5;0;C — opcional;"sem tráfego recente; custo só se vender; selo pode gerar 1ª visita"
L4050-B;B0H6GXK1SH;Medios;650,63;585,57;17,4;14,2;12,2;0;C — opcional;"sem tráfego recente; custo só se vender; selo pode gerar 1ª visita"
P3040;B0H7LFY3JP;Medios;380,01;342,01;17,3;14,1;12,1;0;C — opcional;"sem tráfego recente; custo só se vender; selo pode gerar 1ª visita"
P4050;B0H5MWNDKW;Medios;701,76;631,58;16,7;13,5;11,4;0;C — opcional;"sem tráfego recente; custo só se vender; selo pode gerar 1ª visita"
P4060;B0H7KTWPXB;Medios;811,94;730,75;20,0;16,9;15,0;0;C — opcional;"sem tráfego recente; custo só se vender; selo pode gerar 1ª visita"
P4060ALC;B0H6H25KJX;Medios;988,28;889,45;17,3;14,1;12,0;0;C — opcional;"sem tráfego recente; custo só se vender; selo pode gerar 1ª visita"
PG3070;B0H4S6J82Z;Medios;451,17;406,05;17,6;14,4;12,4;0;C — opcional;"sem tráfego recente; custo só se vender; selo pode gerar 1ª visita"
SP-FF;B0H5X821QS;Medios;457,17;411,45;17,5;14,3;12,3;0;C — opcional;"sem tráfego recente; sem histórico de política — pode entrar"
L4075-B;B0H6H2BTKC;Grandes;810,5;729,45;17,7;14,7;12,6;0;C — opcional;"sem tráfego recente; custo só se vender; selo pode gerar 1ª visita"
L4090-A;B0H6R1WBTM;Grandes;822,83;740,55;21,7;18,8;17,0;0;C — opcional;"sem tráfego recente; custo só se vender; selo pode gerar 1ª visita"
L4090-B;B0H6GQB9S3;Grandes;895,15;805,63;18,4;15,4;13,4;0;C — opcional;"sem tráfego recente; custo só se vender; selo pode gerar 1ª visita"
P4070RA;B0H4NGLNQ4;Grandes;1290,49;1161,44;16,9;13,7;11,7;0;C — opcional;"sem tráfego recente; custo só se vender; selo pode gerar 1ª visita"
P4075;B0H7KZNQ9G;Grandes;923,64;831,28;19,1;16,1;14,1;0;C — opcional;"sem tráfego recente; custo só se vender; selo pode gerar 1ª visita"
P4075ALC;B0H72BV1KC;Grandes;1135,46;1021,91;17,6;14,5;12,5;0;C — opcional;"sem tráfego recente; custo só se vender; selo pode gerar 1ª visita"
P4090;B0H7KTX9Y2;Grandes;1433,32;1289,99;17,3;14,1;12,1;0;C — opcional;"sem tráfego recente; custo só se vender; selo pode gerar 1ª visita"
P4090ALC;B0H72JR46M;Grandes;1527,88;1375,09;16,9;13,7;11,7;0;C — opcional;"sem tráfego recente; custo só se vender; selo pode gerar 1ª visita"
P3060;B0H4NLBG1Y;Medios;511,42;460,28;22,6;19,7;17,8;30;JÁ CRIADO;EC-017 / EC-019
PXM;B0H4S3FHG6;Pequenos;203,54;183,19;15,0;11,7;9,5;17;JÁ CRIADO;EC-017 / EC-019 · ⚠️ margem no piso: pedido de 3+ empilha promo de quantidade → 11.7%
P3070;B0H63FKGPJ;Medios;616,18;554,56;20,3;17,3;15,3;86;JÁ NO EVENTO;"Melhor Oferta inscrita — não empilha; não criar desconto"
PXP;B0H4S7ZKXS;Pequenos;167,89;151,1;13,4;10,0;7,7;36;JÁ NO EVENTO;"Melhor Oferta inscrita — não empilha; não criar desconto"
L2025-T;B0H6C5CTSC;Pequenos;132,9;119,61;13,1;9,8;7,6;100;FORA;abaixo do piso a 10% (13.1%)
L1618-T;B0H3QQLFFY;Pequenos;116,0;104,4;11,9;8,5;6,3;82;FORA;abaixo do piso a 10% (11.9%)
Q2460-B;B0H7YNMBBK;Medios;360,97;324,87;13,0;9,6;7,4;36;FORA;13,0% a 10% (abaixo do piso) e sem preço de referência
PG2460;B0H5MDZQDG;Medios;248,75;223,88;16,7;13,5;11,5;20;FORA;"sem preço de referência — desconto invisível; recuperar referência p/ Black Friday"
L1623-T;B0H6C894TV;Pequenos;123,93;111,54;11,4;8,0;5,7;10;FORA;abaixo do piso a 10% (11.4%)
L2030-B;B0H4RV67FF;Pequenos;153,72;138,35;12,8;9,4;7,2;10;FORA;abaixo do piso a 10% (12.8%)
L1618-B;B0H6KPN1XS;Pequenos;129,9;116,91;13,7;10,4;8,2;8;FORA;abaixo do piso a 10% (13.7%)
L2030;B0H6CCHT65;Pequenos;119,22;107,3;12,8;9,4;7,2;8;FORA;abaixo do piso a 10% (12.8%)
L2025-B;B0H6L3552G;Pequenos;139,9;125,91;11,2;7,7;5,5;7;FORA;abaixo do piso a 10% (11.2%)
Q3060-B;B0H51M7C59;Medios;532,93;479,64;12,6;9,2;6,9;6;FORA;abaixo do piso a 10% (12.6%)
L2030-T;B0H77661G6;Pequenos;143,13;128,82;13,0;9,6;7,4;5;FORA;abaixo do piso a 10% (13.0%)
L2430-B;B0H6KY3BZD;Pequenos;198,03;178,23;11,8;8,4;6,2;5;FORA;abaixo do piso a 10% (11.8%)
EMB-03;B0H52SC552;Pequenos;195,21;175,69;14,3;11,0;8,8;4;FORA;liquidação à parte (EC-006, decisão da Dianna)
Q2430-B;B0H4X43F5T;Pequenos;273,9;246,51;11,3;7,8;5,6;4;FORA;abaixo do piso a 10% (11.3%)
PG3060;B0H7T7K23P;Medios;321,21;289,09;14,7;11,5;9,3;4;FORA;abaixo do piso a 10% (14.7%)
L1618-A;B0H4NRG51Q;Pequenos;104,9;94,41;11,5;8,1;5,9;3;FORA;abaixo do piso a 10% (11.5%)
P2030;B0H51H5B4D;Pequenos;219,68;197,71;14,4;11,1;8,9;3;FORA;abaixo do piso a 10% (14.4%)
PG2470;B0H7T71WHG;Medios;360,6;324,54;14,1;10,8;8,7;3;FORA;abaixo do piso a 10% (14.1%)
EMB-03P;B0H73CH37Y;Pequenos;245,9;221,31;13,7;10,4;8,2;2;FORA;liquidação à parte (EC-006, decisão da Dianna)
L2030-A;B0H6XW8YF8;Pequenos;141,9;127,71;12,9;9,5;7,4;2;FORA;abaixo do piso a 10% (12.9%)
L2450-AML;B0H62YWD84;Pequenos;259,9;233,91;12,0;8,6;6,3;2;FORA;abaixo do piso a 10% (12.0%)
L2450-B;B0H6KLWTPC;Pequenos;284,39;255,95;13,2;9,8;7,6;2;FORA;abaixo do piso a 10% (13.2%)
P2430;B0H7KWNLZ4;Pequenos;244,29;219,86;14,7;11,4;9,2;2;FORA;abaixo do piso a 10% (14.7%)
SP-PP;B0H5X97DR7;Pequenos;258,97;233,07;11,8;8,3;6,1;2;FORA;abaixo do piso a 10% (11.8%)
P3060ALC;B0H5LJ939G;Medios;629,08;566,17;14,3;11,0;8,8;2;FORA;abaixo do piso a 10% (14.3%)
L1623;B0H5N4TR7B;Pequenos;109,9;98,91;13,6;10,3;8,1;1;FORA;abaixo do piso a 10% (13.6%)
L1623-B;B0H6KT72NN;Pequenos;137,9;124,11;13,1;9,8;7,6;1;FORA;abaixo do piso a 10% (13.1%)
L2025;B0H4WPPLZB;Pequenos;113,11;101,8;12,9;9,5;7,3;1;FORA;abaixo do piso a 10% (12.9%)
L2025-A;B0H6XYM5GF;Pequenos;127,9;115,11;13,1;9,7;7,5;1;FORA;abaixo do piso a 10% (13.1%)
L2425-A;B0H6XV8Z59;Pequenos;160,08;144,07;12,6;9,3;7,0;1;FORA;abaixo do piso a 10% (12.6%)
L2430-A;B0H6XM9LGJ;Pequenos;178,49;160,64;12,2;8,8;6,6;1;FORA;abaixo do piso a 10% (12.2%)
L2440-B;B0H5M7DCH6;Pequenos;231,66;208,49;13,2;9,9;7,7;1;FORA;abaixo do piso a 10% (13.2%)
L2450-A;B0H6XYVBKH;Pequenos;253,58;228,22;13,8;10,5;8,3;1;FORA;abaixo do piso a 10% (13.8%)
P2025;B0H7L6HYFW;Pequenos;198,79;178,91;14,2;10,9;8,8;1;FORA;abaixo do piso a 10% (14.2%)
P3050ALC;B0H6C92MLT;Medios;623,5;561,15;14,1;10,8;8,6;1;FORA;abaixo do piso a 10% (14.1%)
EMB-05;B0H761RP63;Pequenos;244,9;220,41;10,3;6,8;4,5;0;FORA;liquidação à parte (EC-006, decisão da Dianna)
EMB-05P;B0H77J9YF2;Pequenos;290,0;261,0;13,1;9,7;7,5;0;FORA;liquidação à parte (EC-006, decisão da Dianna)
EMB-08;B0H77M42RM;Pequenos;344,76;310,28;14,9;11,6;9,5;0;FORA;liquidação à parte (EC-006, decisão da Dianna)
L1618;B0H6C93M6Z;Pequenos;93,9;84,51;13,7;10,4;8,2;0;FORA;abaixo do piso a 10% (13.7%)
L1623-A;B0H6XX9VYL;Pequenos;120,9;108,81;13,4;10,0;7,9;0;FORA;abaixo do piso a 10% (13.4%)
L2425-AML;B0H6N9SS25;Pequenos;174,24;156,82;13,4;10,0;7,8;0;FORA;abaixo do piso a 10% (13.4%)
L2425-B;B0H6KPK494;Pequenos;183,28;164,95;12,1;8,7;6,5;0;FORA;abaixo do piso a 10% (12.1%)
L2430-AML;B0H6MYJ5P3;Pequenos;186,36;167,72;12,1;8,6;6,4;0;FORA;abaixo do piso a 10% (12.1%)
L2440-A;B0H538CW36;Pequenos;202,69;182,42;14,0;10,7;8,5;0;FORA;abaixo do piso a 10% (14.0%)
P1623;B0H4WYYG1W;Pequenos;165,4;148,86;13,4;10,1;7,9;0;FORA;abaixo do piso a 10% (13.4%)
P2425;B0H7LG2168;Pequenos;238,25;214,43;14,8;11,5;9,3;0;FORA;abaixo do piso a 10% (14.8%)
PG2450;B0H9T7X7WD;Pequenos;234,12;210,71;12,8;9,4;7,2;0;FORA;abaixo do piso a 10% (12.8%)
Q2430-A;B0H7XXH5GV;Pequenos;231,21;208,09;12,9;9,5;7,2;0;FORA;abaixo do piso a 10% (12.9%)
PQ-3060;B0H4S2WXFB;Medios;721,69;649,52;13,1;9,7;7,5;0;FORA;abaixo do piso a 10% (13.1%)
SP-01;B0H5Z1XK3V;Medios;475,31;427,78;17,0;13,9;11,8;0;FORA (recomendação);"anúncio suspenso por política (caso 21652133321 encerrado com contestação negada); margem ok (17,0%), mas a promoção passa por revisão e expõe o SKU — não expor"
