SKU;ASIN;Classe;Grupo da proposta;Preço tabela;Sessões 17d;Motivo (tela do desconto no preço, 30/09)
L2440-AML;B0H4RY2L65;Pequenos;C — opcional;228,04;0;"Sem preço de referência (informação do LEO; sem print individual)"
L2460-A;B0H6QYTSNV;Medios;C — opcional;272,57;0;"Sem preço de referência (informação do LEO; sem print individual)"
L2460-B;B0H6KTGGM8;Medios;C — opcional;299,31;1;"Sem preço de referência (informação do LEO; sem print individual)"
L2460-CZ;B0H3QHL2VB;Medios;C — opcional;318,56;1;"Sem preço de referência (informação do LEO; sem print individual)"
L2470-A;B0H6QWF5NS;Medios;C — opcional;385,56;1;"Sem preço de referência (informação do LEO; sem print individual)"
L2470-AML;B0H6NCDJ5C;Medios;C — opcional;408,32;0;"Sem preço de referência (informação do LEO; sem print individual)"
L2470-CZ;B0H3QLGVX5;Medios;C — opcional;356,3;3;"Sem preço de referência (informação do LEO; sem print individual)"
L3040-A;B0H5MJTHK2;Medios;C — opcional;296,92;0;"Sem preço de referência (informação do LEO; sem print individual)"
L3040-B;B0H5MGK37B;Medios;C — opcional;330,79;2;"Sem preço de referência (informação do LEO; sem print individual)"
L3050-A;B0H6R85LBZ;Medios;C — opcional;369,74;0;"Sem preço de referência (informação do LEO; sem print individual)"
L3050-B;B0H6KFGC4J;Medios;C — opcional;413,32;1;"Sem preço de referência (informação do LEO; sem print individual)"
L3060-A;B0H6R5SYVL;Medios;C — opcional;396,88;0;"Sem preço de referência (informação do LEO; sem print individual)"
L3060-AML;B0H6NFGH2Q;Medios;C — opcional;446,71;0;"Sem preço de referência (informação do LEO; sem print individual)"
L3060-B;B0H6KK21H1;Medios;C — opcional;439,24;0;"Sem preço de referência (informação do LEO; sem print individual)"
L3070-A;B0H4W6B587;Medios;C — opcional;507,78;1;"Sem preço de referência (informação do LEO; sem print individual)"
L3070-AML;B0H6NPM4QL;Medios;C — opcional;526,32;1;"Sem preço de referência (informação do LEO; sem print individual)"
L4050-A;B0H6R5XK94;Medios;C — opcional;571,15;0;"Sem preço de referência (informação do LEO; sem print individual)"
L4050-B;B0H6GXK1SH;Medios;C — opcional;650,63;0;"Sem preço de referência (informação do LEO; sem print individual)"
L4060-A;B0H6R1Y63F;Medios;C — opcional;635,32;2;"Sem preço de referência (informação do LEO; sem print individual)"
L4060-B;B0H6H4NPN8;Medios;C — opcional;691,86;1;"Sem preço de referência (informação do LEO; sem print individual)"
L4070-B;B0H6H5CBPP;Grandes;C — opcional;712,14;1;"Sem preço de referência (informação do LEO; sem print individual)"
L4075-B;B0H6H2BTKC;Grandes;C — opcional;810,5;0;"Sem preço de referência (informação do LEO; sem print individual)"
L4080-A;B0H6QYZLYM;Grandes;B — entrar;814,08;8;"Sem preço de referência (informação do LEO; sem print individual)"
L4080-B;B0H6GSX6YM;Grandes;C — opcional;831,06;1;"Sem preço de referência (informação do LEO; sem print individual)"
L4090-A;B0H6R1WBTM;Grandes;C — opcional;822,83;0;"Sem preço de referência (informação do LEO; sem print individual)"
L4090-B;B0H6GQB9S3;Grandes;C — opcional;895,15;0;"Sem preço de referência (informação do LEO; sem print individual)"
P2440;B0H7LGF1WN;Pequenos;C — opcional;273,11;1;"Sem preço de referência (informação do LEO; sem print individual)"
P3040;B0H7LFY3JP;Medios;C — opcional;380,01;0;"Sem preço de referência (informação do LEO; sem print individual)"
P3070ALC;B0H735FC9N;Medios;C — opcional;840,63;3;"Sem preço de referência (informação do LEO; sem print individual)"
P4050;B0H5MWNDKW;Medios;C — opcional;701,76;0;"Sem preço de referência (informação do LEO; sem print individual)"
P4050ALC;B0H6GWVPP5;Medios;C — opcional;912,46;1;"Sem preço de referência (informação do LEO; sem print individual)"
P4060;B0H7KTWPXB;Medios;C — opcional;811,94;0;"Sem preço de referência (informação do LEO; sem print individual)"
P4060ALC;B0H6H25KJX;Medios;C — opcional;988,28;0;"Sem preço de referência (informação do LEO; sem print individual)"
P4070;B0H7L3J5DK;Grandes;C — opcional;820,96;1;"Sem preço de referência (informação do LEO; sem print individual)"
P4070ALC;B0H6H1W988;Grandes;C — opcional;1025,83;1;"Sem preço de referência (informação do LEO; sem print individual)"
P4070RA;B0H4NGLNQ4;Grandes;C — opcional;1290,49;0;"Sem preço de referência (informação do LEO; sem print individual)"
P4075;B0H7KZNQ9G;Grandes;C — opcional;923,64;0;"Sem preço de referência (informação do LEO; sem print individual)"
P4075ALC;B0H72BV1KC;Grandes;C — opcional;1135,46;0;"Sem preço de referência (informação do LEO; sem print individual)"
P4080ALC;B0H72HJC34;Grandes;C — opcional;1217,17;4;"Sem preço de referência (informação do LEO; sem print individual)"
P4090;B0H7KTX9Y2;Grandes;C — opcional;1433,32;0;"Sem preço de referência (informação do LEO; sem print individual)"
P4090ALC;B0H72JR46M;Grandes;C — opcional;1527,88;0;"Sem preço de referência (informação do LEO; sem print individual)"
PG3070;B0H4S6J82Z;Medios;C — opcional;451,17;0;"Sem preço de referência (informação do LEO; sem print individual)"
PG4050;B0H7TBGPJJ;Medios;C — opcional;460,12;1;"Sem preço de referência (informação do LEO; sem print individual)"
PG4080;B0H7T8WJFK;Grandes;C — opcional;639,57;1;"Sem preço de referência (informação do LEO; sem print individual)"
Q2460-A;B0H4P1FFWQ;Medios;C — opcional;349,45;1;"Sem preço de referência (informação do LEO; sem print individual)"
Q4070-B;B0H7Z38T63;Grandes;B — entrar;1116,81;6;"Sem preço de referência (informação do LEO; sem print individual)"
SP-FF;B0H5X821QS;Medios;C — opcional;457,17;0;"Sem preço de referência (informação do LEO; sem print individual)"
SP-T;B0H3MGC36H;Medios;C — opcional;462,37;1;"Sem preço de referência (informação do LEO; sem print individual)"
L2450--CZ;B0H5YQ9JMJ;Pequenos;C — opcional;319,58;1;"Tinha referência; removido pelo LEO — ASIN restrito"
